node,Proportional,Uniform
1,982.8607,944.1262
2,1361.0601,1310.7488
3,746.4879,677.8165
4,456.1251,407.3727
5,986.4986,906.3473
6,1004.2136,956.1967
7,933.8645,864.4220
8,499.5611,454.6122
9,1295.4792,1145.9533
10,637.8640,595.7705
11,556.3654,504.2586
12,498.5051,460.1326
13,1031.2907,921.8868
14,498.5882,461.0720
15,705.6279,647.5101
16,661.6146,602.7674
17,622.1600,558.7762
18,1211.4747,1072.6124
19,2040.2322,1825.0149
20,1107.7296,983.1774
21,1010.4391,893.7036
22,383.2829,330.5720
23,2163.3138,1891.7625
24,4113.8447,3495.2010
25,340.1291,351.1840
26,43.8752,43.8073
27,725.8604,745.8117
28,43.8752,43.8073
29,434.2869,440.6990
30,41.8270,43.8981
31,209.4747,219.5806
32,288.9741,307.6487
33,465.3440,483.4218
34,721.2644,749.7934
35,123.4720,131.9659
36,217.4706,221.2054
37,83.6340,87.9773
38,164.6423,175.8639
39,597.5791,617.2857
40,515.5303,531.1085
41,206.0594,220.3044
42,331.9955,352.3609
43,128.1639,132.1466
44,257.9455,266.1820
45,376.3759,396.8008
46,436.2361,443.3982
47,735.2548,748.4383
48,208.8295,220.5753
49,296.0655,309.4540
50,422.4805,398.0615
51,677.9857,662.5364
52,685.4973,662.7142
53,538.6621,530.3891
54,485.6321,485.2286
55,483.6292,489.6256
56,437.3119,398.9596
57,577.1062,574.7380
58,486.2667,487.8368
59,169.2458,176.9465
60,582.8129,575.9057
61,752.0638,753.7498
62,176.0266,177.5745
63,412.4978,398.9600
64,539.8176,532.8113
65,1136.2902,1108.8075
66,703.4756,578.3236
67,637.5044,623.3855
68,286.4388,267.1658
69,638.9883,578.6804
70,963.2937,889.6596
71,455.9386,446.0783
72,380.5163,312.0499
73,1779.6818,1603.9695
74,776.8286,761.5010
75,1143.7147,982.6326
76,374.1693,356.0423
77,1044.5910,936.4141
78,273.0554,223.1727
79,638.9975,625.2563
80,415.9985,401.4613
81,482.5783,401.8173
82,642.1721,581.0837
83,527.2896,448.0318
84,372.3110,312.7619
85,939.8476,893.2229
86,369.2363,313.4718
87,244.5200,223.7059
88,2497.2597,2286.2629
89,579.6760,536.4669
90,843.9856,718.2130
91,1059.1565,988.3913
92,558.8952,493.0910
93,1220.3709,1035.4779
94,394.2130,358.7089
95,1096.5892,983.7008
96,1102.3946,945.0072
97,304.5917,269.6501
98,1218.6320,1077.6264
99,856.4082,764.1546
100,1366.8345,1260.5956
101,715.6482,630.6504
102,1475.8221,1305.5675
103,1397.4492,1173.9053
104,562.3941,495.2095
105,762.4451,674.3007
106,359.5292,316.8168
107,1421.7129,1216.7675
108,520.2238,451.5560
109,1587.9865,1401.8308
110,678.5097,588.0480
111,627.4739,550.1359
112,360.2615,316.2912
113,768.5942,676.9384
114,461.3183,407.0223
115,310.8727,272.2805
116,258.1664,226.2601
117,1015.4445,861.6388
118,850.5870,725.2365
119,474.8669,408.7684
120,1481.9941,1273.3637
121,590.6821,498.9771
122,103.9802,90.9922
123,3017.0927,2632.3224
124,855.0901,727.0662
125,784.7003,681.5710
126,1395.3271,1209.4670
127,459.7723,409.2039
128,754.7994,637.3782
129,53.1632,45.5829
130,162.5506,138.7936
131,757.3379,637.5519
132,106.4656,91.1657
133,1031.2102,913.6439
134,53.6073,45.6694
135,2211.7517,1918.7920
136,978.8615,823.2558
137,106.8549,91.3388
138,918.2927,777.4995
139,372.4757,320.1166
140,1684.3395,1459.5933
141,858.8355,734.9260
142,1061.5630,914.1587
143,3645.8318,3034.7071
144,3161.3229,2708.2504
145,694.3917,594.1290
146,805.1485,686.3298
147,1153.4853,966.1055
148,858.3148,733.4648
149,327.3427,276.4215
150,2157.0279,1798.5255
151,271.8011,230.7495
152,871.5763,738.4314
153,2110.9994,1843.1745
154,380.5160,323.2875
155,2238.7065,1895.6545
156,716.0692,603.0206
157,806.6085,694.1171
158,1833.8010,1532.4567
159,2416.7138,1995.6570
160,927.2917,788.5200
161,641.6096,557.5961
162,1198.2742,1023.8312
163,1381.3422,1206.7976
164,161.4692,139.4836
165,961.7681,838.9127
166,762.2949,652.9132
167,992.9112,839.0048
168,3522.1809,2936.2820
169,1308.1293,1122.4981
170,1732.1638,1451.4969
171,1016.0314,840.8493
172,1635.7107,1353.2668
173,1047.4091,890.0468
174,3149.9627,2677.8543
175,519.5757,422.8840
176,1659.5217,1362.1950
177,2240.5434,1838.7297
178,2857.4981,2449.3782
179,3108.8736,2594.9615
180,2733.1698,2265.2276
181,996.1345,847.0930
182,1014.4494,849.9800
183,826.3819,661.8850
184,1069.5239,899.0631
185,3047.4504,2470.4707
186,409.3124,332.1311
187,1077.5461,900.4571
188,2204.9805,1853.1659
189,1756.2324,1424.6975
190,3485.3626,2995.7504
191,1141.3619,950.6702
192,703.7759,571.1843
193,570.1140,477.2035
194,2916.3808,2433.6090
195,2459.1510,2058.9479
196,2282.8722,1818.1388
197,1172.0544,956.4282
198,236.1351,191.6083
199,2053.0750,1724.7880
200,593.7402,480.6649
201,59.4643,48.0025
202,2642.6124,2212.1868
203,2257.1116,1881.5880
204,1906.6082,1537.1938
205,1414.4100,1156.2904
206,906.5819,725.0560
207,2561.9959,2025.8303
208,1366.3442,1112.4172
209,2607.7566,2025.3410
210,542.1641,436.7078
211,487.8797,387.5986
212,1058.0842,873.8089
213,598.4507,486.0515
214,355.1432,292.4447
215,710.6000,585.2001
216,59.9110,48.8705
217,325.8501,380.4566
218,231.2244,267.1900
219,403.2675,458.6972
220,192.9646,229.6039
221,291.7621,345.3241
222,192.0012,230.2162
223,560.1829,654.3829
224,448.5338,539.7818
225,193.8738,231.2339
226,416.3368,501.5818
227,424.4388,502.9006
228,320.8748,387.5873
229,331.7768,387.1820
230,453.5766,543.4309
231,169.1227,194.3498
232,393.3814,465.6099
233,325.8885,389.3051
234,324.0633,389.9102
235,175.5435,194.9553
236,499.1608,584.9658
237,524.9144,623.8758
238,271.6754,312.2910
239,394.5072,467.5289
240,655.5689,784.7462
241,298.9054,353.9137
242,138.6915,156.5480
243,495.6158,587.8835
244,132.8958,157.1504
245,135.1489,156.6485
246,203.9806,234.9728
247,299.3406,351.9060
248,245.1881,274.6872
249,166.8056,195.9612
250,936.9434,1024.8272
251,100.4739,117.7374
252,402.6292,471.5508
253,303.6018,353.2120
254,472.3721,553.3765
255,269.1760,316.0012
256,236.2718,275.5891
257,271.2797,316.7992
258,168.9826,196.7635
259,302.6489,353.9137
260,338.8010,392.9257
261,135.2761,157.5510
262,269.4000,315.1019
263,475.3336,554.7723
264,202.8741,236.0760
265,377.3658,433.7395
266,670.0653,752.8340
267,311.3674,356.5112
268,169.8623,197.2637
269,632.0981,712.0246
270,411.9156,474.8501
271,239.5978,276.8876
272,272.0147,316.3007
273,452.4243,517.5462
274,102.2016,118.5381
275,204.8638,237.1756
276,171.2239,197.7629
277,240.1411,277.2865
278,618.2598,716.3047
279,238.8430,276.9877
280,102.5341,118.8372
281,557.4252,638.3684
282,68.4779,79.2248
283,1058.8533,1232.3555
284,243.9511,278.2817
285,311.2026,358.0035
286,427.0015,481.0016
287,347.0241,399.2033
288,720.3426,801.3715
289,343.7892,397.7151
290,419.3896,479.0240
291,172.3384,198.7585
292,68.7463,79.5233
293,172.2798,198.9570
294,661.7060,755.8176
295,732.1460,836.7295
296,380.5277,438.8161
297,347.5150,398.3110
298,419.6498,480.7060
299,711.1366,803.1485
300,464.4385,519.8235
301,353.0277,401.4764
302,247.0386,279.3729
303,402.5922,441.1897
304,422.1761,479.5187
305,842.4717,958.7401
306,930.0601,1007.5241
307,428.7153,482.5782
308,246.2536,281.1519
309,654.3621,724.2127
310,289.6679,323.5214
311,425.3132,481.4951
312,252.0025,282.3329
313,350.8467,400.3902
314,457.2700,520.2211
315,181.5275,201.7225
316,213.5279,242.2239
317,391.7702,442.3728
318,599.1170,680.9488
319,605.1012,685.6781
320,245.9047,280.7572
321,422.9911,480.4093
322,221.6641,242.8126
323,433.8383,485.8204
324,498.0672,562.8946
325,915.1058,1046.8501
326,427.1211,483.2684
327,259.5365,284.2923
328,681.2096,765.3057
329,319.1436,362.4511
330,259.2904,283.9013
331,213.3699,241.4377
332,967.9229,1087.8439
333,354.9031,402.4612
334,869.7882,972.9120
335,357.5533,403.9356
336,297.2533,325.1846
337,503.2491,564.7627
338,652.1887,727.6523
339,575.0846,648.9999
340,430.8093,486.1145
341,311.5227,325.7686
342,250.0682,283.3138
343,648.3897,727.6523
344,258.9172,285.6573
345,825.4824,893.3755
346,767.3862,855.2179
347,394.4491,445.5148
348,504.2870,568.3885
349,287.5550,325.5747
350,444.5363,489.9203
351,736.4528,811.5927
352,540.3377,609.9633
353,748.4994,814.1292
354,471.5017,528.0811
355,291.9435,324.6959
356,452.4215,492.4437
357,873.4687,978.9631
358,435.8965,489.9199
359,293.6919,325.1846
360,520.2274,571.8979
361,920.4047,1016.4434
362,333.7219,366.1740
363,638.5493,697.7736
364,667.4223,737.2112
365,341.1428,369.8655
366,594.4672,654.2641
367,700.4366,778.5876
368,848.0014,902.4235
369,300.9861,326.7432
370,595.1662,653.5824
371,642.3806,699.5142
372,599.9283,655.5253
373,611.9312,656.6877
374,885.4470,984.5964
375,454.6313,491.2799
376,705.6072,744.2645
377,646.9375,697.7724
378,1149.9980,1275.3832
379,1048.2872,1155.1227
380,684.8703,742.9170
381,468.3048,497.2653
382,539.8056,580.1111
383,905.3799,989.2371
384,427.3999,456.4673
385,542.5539,577.7066
386,753.8084,826.7258
387,270.1871,290.6797
388,727.0114,784.3879
389,311.5955,333.0126
390,806.8435,873.5692
391,1593.5784,1657.9674
392,611.2984,664.9717
393,536.6958,580.7835
394,440.5241,459.0504
395,295.6815,292.6866
396,729.9005,789.9592
397,205.1924,209.3609
398,922.3306,999.4182
399,773.5942,832.9587
400,671.7751,711.4082
401,506.1913,542.4686
402,444.1372,460.9549
403,862.3580,914.3708
404,172.2074,167.9829
405,661.8678,711.6934
406,273.6885,252.3534
407,331.4038,336.6289
408,555.8232,584.9913
409,937.7365,960.0472
410,401.9860,337.4805
411,521.1120,546.7475
412,798.5750,841.1433
413,389.8129,418.5310
414,464.1301,464.3660
415,312.4665,335.0152
416,565.3059,589.8341
417,547.5229,587.7481
418,452.9948,463.8938
419,947.3212,965.5672
420,555.6214,588.8870
421,1100.7591,1177.3910
422,164.4224,169.2120
423,360.5427,338.8006
424,372.2925,296.5683
425,722.2358,758.8574
426,672.4655,717.6647
427,493.4975,508.5768
428,410.3004,424.1120
429,585.4767,467.8467
430,204.2514,170.0579
431,198.3680,170.1518
432,1059.5688,1101.4287
433,1395.4213,1475.6646
434,355.1635,340.1158
435,1023.3229,1054.8610
436,373.3567,383.5668
437,208.6072,212.7595
438,572.2498,593.7004
439,481.6703,384.5008
440,704.0695,722.0879
441,229.3756,213.3213
442,507.4810,512.0454
443,538.7562,428.5992
444,155.1130,128.3848
445,487.8676,510.5485
446,856.5423,854.3094
447,305.7288,299.5642
448,881.4935,934.6599
449,247.6394,254.8992
450,723.2211,724.8057
451,1150.9963,1147.8852
452,436.1801,343.4752
453,655.9732,680.8868
454,549.6541,515.8616
455,724.2703,727.5112
456,852.0424,894.0208
457,623.2678,641.7364
458,582.9274,598.4754
459,301.5936,299.8436
460,530.9101,514.7480
461,322.7916,301.0509
462,588.9534,517.3432
463,989.5492,1029.0286
464,703.2578,728.2573
465,964.8835,947.9833
466,516.1842,515.2120
467,471.8107,431.7511
468,806.3548,775.5065
469,1299.4541,1080.8066
470,369.4280,345.6039
471,425.1682,431.0117
472,972.0711,992.9050
473,1151.7247,1160.6624
474,883.4300,904.4463
475,634.0447,606.2585
476,1010.4085,1035.5179
477,1178.1508,1207.3459
478,518.5544,477.3113
479,693.8463,693.2346
480,682.8230,608.0957
481,454.6995,391.4363
482,344.7895,305.4666
483,550.7963,522.2199
484,809.9475,824.7545
485,874.6071,784.0606
486,424.1384,392.3511
487,290.5578,262.2062
488,1104.0026,1089.6187
489,1056.4587,1001.8186
490,900.7785,913.9292
491,665.3768,612.4817
492,1197.4640,1219.2120
493,289.9864,262.4794
494,337.6376,306.4686
495,1375.3486,1389.8631
496,526.3960,481.7883
497,575.9347,525.8679
498,338.8463,307.7391
499,340.4058,307.0136
500,1447.2681,1482.8793
501,239.5230,219.2179
502,342.9259,307.2859
503,649.4795,655.5605
504,472.8032,440.0666
505,237.0878,219.3087
506,467.6127,438.5257
507,641.4976,614.4811
508,198.3242,175.8639
509,217.4119,219.1269
510,246.0743,220.2143
511,391.8140,395.3536
512,613.2206,614.4811
513,1216.9685,1228.2334
514,49.6027,44.0790
515,935.3304,965.0260
516,49.6027,44.0790
517,391.7088,353.1728
518,567.2406,572.3030
519,283.9372,264.3834
520,526.6480,529.3980
521,49.2123,44.1692
522,1143.0502,1187.7792
523,466.1082,441.9604
524,596.9524,575.2766
525,481.0392,442.6796
526,794.2972,794.2310
527,680.2462,663.8859
528,869.3724,840.3818
529,885.7041,841.7296
530,667.8045,577.6088
531,583.6659,488.8216
532,2086.3794,1874.6983
533,1223.9853,1026.8945
534,153.3304,188.5323
535,155.4728,189.2531
536,356.8962,415.9858
537,246.4187,302.9282
538,246.1982,303.3389
539,252.0021,303.9552
540,310.6826,380.9689
541,281.0811,342.7696
542,289.1201,342.5645
543,282.8492,343.0768
544,344.5898,420.6003
545,381.0644,458.6972
546,318.1379,383.6255
547,221.3697,268.6194
548,220.8859,269.2302
549,189.8443,229.8080
550,159.3920,192.1184
551,348.2242,423.4541
552,222.5961,270.1452
553,482.3069,581.8355
554,261.4092,312.5929
555,191.7148,231.4371
556,213.8166,264.5220
557,379.2622,409.0123
558,150.6687,163.7604
559,75.4464,81.8802
560,301.0297,327.8115
561,74.5152,81.7831
562,188.8060,205.2336
563,75.3903,81.9772
564,353.6037,370.1550
565,150.1776,163.8574
566,341.9376,369.3814
567,359.9223,370.6385
568,151.8254,164.4385
569,114.3080,123.3531
570,233.3578,247.3817
571,286.7226,288.7570
572,400.3944,412.8815
573,351.2013,371.6031
574,537.0925,456.8505
575,666.2869,702.3123
576,317.8346,289.9121
577,401.8728,373.1418
578,286.3899,249.1131
579,141.5686,124.7003
580,497.7643,416.6239
581,619.5180,541.3241
582,587.9849,498.8006
583,142.4378,124.9874
584,584.7427,540.1758
585,273.6709,250.2611
586,291.1339,290.9671
587,187.2623,166.9362
588,582.1060,544.3761
589,408.6309,416.3373
590,226.5654,208.5987
591,125.4583,125.6547
592,375.7788,375.1526
593,261.4403,251.0237
594,391.9202,334.5396
595,207.5388,209.5512
596,408.9725,335.0152
597,123.7585,125.9397
598,173.4549,167.4128
599,403.4629,335.7758
600,201.5022,210.4051
601,385.0186,335.8706
602,248.6732,251.4040
603,229.6984,209.9311
604,259.3647,311.2826
605,163.7240,195.3581
606,132.1114,156.7490
607,148.3903,180.7007
608,87.2838,108.5684
609,324.9948,398.5764
610,453.8222,543.6862
611,144.8968,181.8616
612,234.3772,291.9048
613,485.0277,583.5991
614,637.6862,771.5476
615,353.0635,440.6910
616,296.6286,368.2364
617,628.6119,735.9466
618,383.8508,480.8908
619,510.2985,629.3541
620,416.2981,520.2468
621,189.7323,223.6311
622,508.1331,633.6212
623,336.1506,410.0944
624,394.8681,487.4362
625,272.2144,337.7268
626,303.1495,376.2391
627,244.6513,302.2080
628,185.7861,228.2742
629,125.9874,149.8134
630,704.5983,751.7370
631,976.6321,916.6661
632,965.0222,918.4805
633,539.9225,587.1798
634,895.8447,921.1483
635,313.9833,336.1553
636,235.5350,252.4481
637,179.2458,167.4126
638,200.1084,210.8781
639,505.1437,504.5170
640,687.6252,629.9820
641,282.2241,295.2482
642,493.0020,504.8011
643,653.9080,676.9390
644,397.7727,421.4722
645,416.8563,420.5258
646,330.0842,338.0468
647,239.3240,252.5429
648,417.0705,421.7560
649,456.7701,463.5155
650,541.9587,549.8680
651,362.7631,379.9016
652,320.4738,338.7065
653,246.4108,254.2417
654,84.6446,84.7472
655,284.3676,296.0973
656,205.0218,212.4785
657,480.8870,507.6357
658,671.0028,549.1132
659,410.4920,424.4871
660,327.4497,339.4587
661,284.5248,297.3196
662,201.7315,212.0090
663,206.7126,212.4785
664,673.4383,634.7087
665,371.9503,383.1921
666,364.7687,381.8793
667,498.6987,511.7646
668,123.9876,127.6372
669,732.8395,764.8845
670,123.9179,127.8246
671,411.0765,426.0815
672,301.8575,299.7503
673,576.6746,597.6356
674,455.0355,470.5572
675,289.7770,299.4708
676,326.9392,341.0518
677,87.9706,85.8688
678,763.8045,767.7870
679,419.6661,427.7622
680,458.1616,471.6741
681,742.4741,770.8652
682,721.3442,729.9301
683,675.2572,688.2482
684,676.6955,599.8717
685,634.7114,645.0818
686,764.5060,771.8887
687,597.8478,604.2287
688,829.5882,820.8891
689,254.1105,258.9951
690,430.6420,432.0276
691,664.7911,688.2478
692,942.8052,861.8367
693,426.4436,432.8571
694,602.6812,603.7681
695,595.1054,604.5064
696,733.9154,739.4292
697,774.4893,781.8636
698,43.0067,43.2582
699,569.5581,567.2155
700,85.1635,86.4241
701,433.8847,432.6733
702,740.3980,693.4183
703,663.0217,656.8343
704,178.3454,173.5844
705,220.4006,217.0265
706,484.0231,478.5030
707,656.3239,654.3742
708,1263.3425,1087.4231
709,743.2128,743.5390
710,1123.5465,1099.4415
711,278.8877,261.4761
712,362.5822,350.7303
713,2087.2296,2067.5404
714,185.3969,175.6807
715,47.2126,43.7163
716,1279.3012,1235.6481
717,420.0369,396.5299
718,1109.7548,1062.7551
719,849.2137,798.0974
720,139.2566,133.4938
721,382.1897,357.0229
722,1217.4157,1115.9478
723,423.7658,402.4395
724,2389.8899,2268.9266
725,1236.8609,1123.0400
726,1096.2274,1025.5603
727,1292.9845,1216.0640
728,535.3888,493.3568
729,1070.5144,990.2418
730,1894.1221,1765.9697
731,970.7354,904.3387
732,823.7937,767.0576
733,399.1178,364.8357
734,1322.3182,1231.9438
735,1110.7027,1040.8290
736,378.2915,363.4469
737,341.8523,317.4281
738,1302.3734,1228.5635
739,503.3380,459.7046
740,336.1588,318.4724
741,617.9600,593.1820
742,1009.7463,917.8625
743,1095.1633,1008.2590
744,347.5173,320.1166
745,1712.7317,1606.6025
746,1154.5378,1060.1825
747,865.7502,785.5506
748,1447.5273,1337.8818
749,762.1196,695.5588
750,725.8283,651.9034
751,1045.6256,934.5638
752,686.8328,609.8155
753,1096.8263,988.9072
754,1323.5967,1186.9478
755,1325.8619,1143.8294
756,221.1920,190.4762
757,816.7397,708.9379
758,1562.4194,1337.7880
760,1461.7843,1246.2140
761,282.0976,240.5722
762,1804.1155,1563.2718
763,1924.1721,1633.5995
764,171.4059,144.8847
765,1139.0288,964.9170
766,458.7865,387.4408
767,215.6662,209.4562
768,834.8574,1011.0415
769,212.0533,246.8712
770,630.6705,743.6093
771,291.6730,351.6010
772,121.6813,140.8542
773,486.8935,597.6151
774,269.7174,319.1182
775,1025.4421,1250.4742
776,970.4253,1180.6812
777,318.8689,389.7597
778,843.9331,1029.4891
779,327.2783,389.4381
780,1307.8547,1584.6764
781,343.7244,426.5222
782,995.9267,1220.2001
783,172.8064,214.4865
784,258.1448,322.2080
785,233.6223,286.9382
786,574.2131,690.5886
787,144.0188,179.8537
788,607.5539,755.8503
789,208.6800,251.1375
790,345.6935,432.3689
791,264.8534,323.1633
792,1948.9752,2398.1990
793,58.0518,72.1321
794,59.5030,71.9203
795,203.0948,252.5154
796,291.7960,360.6604
797,1338.6889,1674.1330
798,144.8447,180.9120
799,144.3969,181.2289
800,607.3878,761.6662
801,510.6043,620.9779
802,395.2257,477.1260
803,116.0667,145.1097
804,145.3318,181.8616
805,91.5109,110.4607
806,600.3093,731.9657
807,231.6969,290.2194
808,735.8164,886.1921
809,434.3343,546.7422
810,322.4573,401.5267
811,116.1205,145.7421
812,853.4466,1033.5049
813,1226.0591,1487.3369
814,1025.6087,1227.2656
815,408.6545,512.3044
816,469.9011,586.4348
817,438.4873,549.8941
818,772.1711,956.5564
819,980.0667,1184.7856
820,499.2314,625.3847
821,147.3422,183.9617
822,482.0467,593.3321
823,352.1488,441.5289
824,967.4534,1160.6093
825,737.5842,892.7561
826,177.0295,221.4441
827,266.5349,332.6357
828,177.0180,221.4441
829,496.3499,600.2879
830,176.7976,221.4441
831,180.4642,222.5914
832,382.4650,479.8470
833,207.4666,259.4469
834,355.3001,444.7657
835,531.6970,641.4840
836,180.3755,223.3196
837,1040.3781,1236.5005
838,148.8492,186.0477
839,118.9256,148.4637
840,237.6903,297.1354
841,298.5882,372.7185
842,543.7353,673.1757
843,357.4539,446.2230
844,220.7045,265.4477
845,149.3364,186.4633
846,635.9857,750.8237
847,476.4244,570.6316
848,209.2350,261.7330
849,795.3684,946.2631
850,446.5952,533.0483
851,180.3342,224.8753
852,642.5050,757.1138
853,150.3618,187.0855
854,979.7648,1169.4924
855,240.4788,299.2123
856,509.2262,603.8999
857,333.7867,413.2019
858,120.8795,150.1238
859,224.7494,265.0364
860,240.9931,299.5230
861,385.7291,457.7765
862,299.0987,373.6525
863,610.9171,754.0249
864,274.1330,338.6566
865,358.7708,420.4979
866,257.6916,304.1604
867,331.5924,412.2699
868,151.4912,188.1196
869,90.2013,112.5411
870,319.8382,380.5594
871,90.3626,112.5411
872,30.1756,37.5826
873,184.5789,226.6304
874,279.8580,339.9967
875,151.7052,188.3259
876,212.5567,263.4914
877,182.4472,226.5273
878,243.4241,301.8991
879,308.7556,379.4310
880,354.1066,420.9067
881,577.7314,687.3812
882,257.2430,306.1046
883,402.1723,492.5922
884,193.3804,229.9102
885,1045.6529,1257.7058
886,437.5681,532.6390
887,244.5587,303.4420
888,163.9508,192.4237
889,265.8055,307.8373
890,214.4002,265.5504
891,535.3546,649.6931
892,455.1818,539.7821
893,307.1350,378.5060
894,399.7978,494.4394
895,92.6968,113.9833
896,453.4670,538.9693
897,252.0341,305.2870
898,309.6037,381.9921
899,248.3840,304.1600
900,218.8689,267.4966
901,842.4319,999.8062
902,323.8392,385.3557
903,318.3276,381.9921
904,251.7332,305.2870
905,511.3033,613.8410
906,935.8474,1117.2558
907,655.7516,776.5895
908,380.9213,459.8203
909,422.1910,504.1162
910,418.3206,500.7689
911,356.2044,423.9622
912,353.7315,424.2666
913,162.1228,193.3374
914,521.0085,615.7758
915,261.0465,308.8533
916,358.2452,425.7888
917,329.6628,390.0110
918,465.3343,545.6516
919,132.2244,155.3384
920,166.3638,193.8443
921,1097.8134,1285.4471
922,331.7753,388.3959
923,976.0451,1136.3527
924,201.3506,233.7648
925,201.2089,233.9663
926,400.4499,467.8314
927,260.6329,310.5754
928,435.9770,509.7602
929,556.4303,660.4647
930,439.8933,509.2575
931,664.6612,779.7186
932,371.8919,430.7332
933,684.1999,789.1523
934,239.4345,274.8878
935,868.7974,987.9153
936,294.4351,351.6044
937,1060.9961,1223.8890
938,273.0163,314.3005
939,137.6248,157.6511
940,376.3045,433.2397
941,642.3866,748.1398
942,651.6123,750.9391
943,366.0741,432.0368
944,137.7670,158.2502
945,307.9749,355.7135
946,601.2037,676.0964
947,265.4886,314.6010
948,265.0609,314.4006
949,310.9844,356.7104
950,283.0083,319.3823
951,1179.6193,1317.4341
952,207.4030,238.3711
953,809.2113,916.9461
954,285.5344,319.9762
955,449.4792,515.2596
956,249.9946,280.8558
957,771.0076,876.7395
958,245.3256,279.0758
959,210.5081,239.1653
960,285.8146,321.2601
961,496.0646,559.9329
962,388.8075,438.6179
963,317.3795,359.1936
964,288.2014,320.4707
965,321.7341,360.9729
966,251.1142,280.5598
967,288.3664,321.4571
968,216.2871,241.4377
969,251.3087,282.4311
970,288.1481,322.3429
971,468.4732,521.6035
972,288.7464,323.3250
973,364.7408,403.9356
974,403.9357,442.9636
975,537.3264,602.2143
976,477.9995,525.3419
977,550.0540,608.8903
978,446.8653,484.3494
979,877.0423,976.2352
980,262.1285,283.2156
981,601.3926,648.7068
982,485.3571,527.8874
983,445.8016,485.4280
984,403.7812,444.8291
985,264.9459,285.0729
986,491.8195,529.1564
987,515.8556,532.0750
988,576.7459,612.5944
989,302.0508,325.5747
990,150.4411,163.2745
991,224.0180,244.6683
992,257.6889,309.4620
993,654.6083,693.8909
994,357.6884,401.6734
995,537.4747,606.7363
996,546.4791,602.5093
997,542.6699,602.8041
998,1121.9019,1246.8946
999,332.2074,364.0229
1000,619.3763,684.1043
1001,507.2585,564.3706
1002,938.3528,1052.8350
1003,325.1995,364.8058
1004,500.3853,565.2547
1005,503.7054,567.5086
1006,1011.1029,1099.4957
1007,1023.9503,1139.3141
1008,592.8469,651.8315
1009,1012.6709,1064.9252
1010,1363.9663,1478.1027
1011,1006.6168,1106.0099
1012,700.3711,741.7599
1013,1541.5175,1560.7575
1014,460.0365,490.8921
1015,492.2999,492.6372
1016,694.4937,698.4506
1017,1096.8425,1198.2303
1018,605.2781,575.5827
1019,1098.8081,1034.0794
1020,158.5830,164.4385
1021,1394.4404,1406.4475
1022,619.1067,663.5332
1023,512.4745,494.7634
1024,783.8000,661.7081
1025,1302.7456,1245.0831
1026,348.3301,374.6745
1027,782.0304,831.0447
1028,512.3141,454.9300
1029,269.7049,291.8279
1030,869.3125,961.2115
1031,713.0720,772.6532
1032,726.3004,890.0589
1033,832.0134,1034.3340
1034,370.3765,468.1329
1035,1656.6996,2047.3079
1036,511.9887,639.9630
1037,1002.4000,1259.2849
1038,1018.8645,1228.9014
1039,1171.3982,1444.8987
1040,728.5929,848.0254
1041,891.1266,1039.8374
1042,802.9220,931.4221
1043,625.9206,736.2631
1044,399.4529,461.8574
1045,715.5603,818.9310
1046,234.5645,273.4812
1047,337.3174,385.9648
1048,372.1432,426.6999
1049,441.4305,506.5394
1050,233.9615,270.6526
1051,407.1702,470.9487
1052,906.5923,1055.4133
1053,511.7223,588.8868
1054,373.0243,427.1044
1055,605.7144,703.0065
1056,580.6294,662.8850
1057,306.3648,349.8901
1058,239.7774,273.6824
1059,766.0264,895.3398
1060,376.2560,429.2236
1061,681.4178,786.8529
1062,998.9916,1142.5659
1063,790.5806,906.4910
1064,543.4354,625.7893
1065,592.4000,673.0112
1066,379.9522,432.6387
1067,557.9360,630.3013
1068,1111.3927,1261.7038
1069,940.3224,1066.6383
1070,775.2801,874.2565
1071,1202.4285,1352.7864
1072,535.2455,594.6835
1073,1076.2569,1196.3205
1074,562.7880,665.4655
1075,3497.4152,4289.2536
1076,743.0532,879.3254
1077,2187.5129,2660.8729
1078,1106.5323,1312.5901
1079,1651.7868,1988.3244
1080,1938.5257,2337.9809
1081,2446.4057,2986.1018
1082,2346.1934,2855.0104
1083,1469.3001,1741.6281
1084,1810.3331,2163.1077
1085,1958.5647,2370.1867
1086,538.2752,642.7144
1087,611.2884,728.6042
1088,1138.0300,1350.4234
1089,2183.0280,2621.0109
1090,1081.1996,1287.3075
1091,579.1451,699.7228
1092,390.7780,467.8523
1093,2260.9111,2709.5948
1094,2431.6750,2977.4707
1095,557.7841,663.3912
1096,732.4086,888.1747
1097,1202.4387,1446.2348
1098,338.0118,408.5350
1099,1152.4171,1376.5604
1100,739.5033,896.0807
1101,822.2792,987.6454
1102,1497.3825,1778.5367
1103,825.9162,992.8894
1104,2085.7327,2534.2942
1105,714.2746,852.9868
1106,953.4730,1147.4122
1107,557.4355,675.5559
1108,926.8329,1091.2318
1109,687.7834,828.0535
1110,819.5970,972.5930
1111,376.5358,447.8844
1112,694.0513,823.8158
1113,253.5723,301.0740
1114,791.6052,943.6905
1115,573.1375,679.9907
1116,447.8514,531.7154
1117,815.6352,972.1796
1118,812.0206,951.3923
1119,1375.2551,1626.1499
1120,678.6826,799.0096
1121,1396.5590,1656.6213
1122,768.9389,907.6526
1123,589.7307,711.5848
1124,1911.4169,2225.2330
1125,1266.5441,1537.4641
1126,505.2889,603.2824
1127,743.9896,875.7145
1128,1169.2168,1380.0691
1129,517.0948,608.6286
1130,868.2283,1026.3596
1131,651.6385,765.1071
1132,737.3065,873.0495
1133,358.3953,420.1913
1134,495.5118,576.1510
1135,397.3943,460.9415
1136,421.9684,496.8965
1137,452.5835,533.3561
1138,195.8298,230.3182
1139,331.7800,385.7618
1140,493.4978,575.4377
1141,603.3428,722.7114
1142,131.9050,153.8170
1143,299.7185,347.9675
1144,431.7578,497.7134
1145,498.9354,579.5052
1146,197.7449,231.4369
1147,1660.9466,1939.6489
1148,621.3089,726.1929
1149,980.9951,1153.2154
1150,198.9284,231.8431
1151,953.7680,1115.5266
1152,365.7411,426.9022
1153,233.5852,270.2466
1155,366.5025,427.4072
1156,560.3902,654.3819
1157,230.0119,270.2466
1158,864.7747,1012.9786
1159,330.0687,386.6752
1160,199.6281,232.6536
1161,66.0920,77.4162
1162,165.8115,194.0465
1163,1236.7686,1446.8352
1164,600.2816,702.8042
1165,299.3335,349.6882
1166,133.0183,155.7424
1167,503.2976,586.8786
1168,199.8376,233.8657
1169,266.2374,311.4841
1170,608.6848,678.5760
1171,399.4653,439.0142
1172,361.7286,399.3022
1173,326.5079,360.1830
1174,774.7627,845.0292
1175,2682.3317,2871.0675
1176,1111.9709,1210.6268
1177,784.7349,848.2733
1178,225.9649,243.5956
1179,344.1798,367.1483
1180,2277.2106,2408.8886
1181,960.4681,1021.5032
1182,905.6327,978.3792
1183,714.1291,772.8482
1184,342.0002,366.4663
1185,461.8494,490.8921
1186,2170.4890,2264.8932
1187,1127.4441,1191.2805
1188,936.3292,986.8230
1189,2101.4997,2187.8348
1190,2271.8202,2364.4032
1191,1934.8322,2065.3587
1192,1925.2080,1991.1686
1194,2273.4586,2375.0308
1195,610.6882,709.1280
1196,751.6182,866.2776
1197,518.1198,590.9905
1198,878.2273,987.0121
1199,670.8662,750.9373
1200,242.9679,277.6851
1201,311.1840,355.5139
1202,211.3101,237.6743
1203,282.3355,317.6953
1204,211.3991,237.9731
1205,285.8623,317.9935
1206,523.1375,594.2850
1207,611.1572,677.5844
1208,607.8486,677.8819
1209,392.0332,438.9154
1210,764.2079,839.9982
1211,544.5742,600.5362
1212,576.1941,639.6552
1213,552.0315,603.6913
1214,446.5839,483.4652
1215,476.4648,522.6878
1216,365.8834,402.3628
1217,409.0836,444.8291
1218,483.7634,526.2242
1219,691.4479,748.0092
1220,427.1430,459.7181
1221,695.3296,752.8793
1222,457.1977,502.5234
1223,611.4647,672.6888
1224,775.7518,841.7129
1226,755.6372,802.4106
1227,1845.4910,1890.4157
1228,1788.0907,1904.3979
1229,782.3638,846.1510
1230,919.8832,931.9343
1231,1625.1024,1685.5982
1232,1101.2667,1142.1527
1233,1097.0010,1188.0560
1234,1235.4666,1238.8066
1235,1380.2339,1494.6463
1236,854.8924,859.1472
1237,2550.7404,2632.0844
1238,1731.0912,1735.5558
1239,881.6514,868.4651
1240,1439.7564,1395.3543
1241,1691.8100,1798.5362
1242,1704.5891,1626.1161
1244,1382.4435,1582.1935
1250,34.0160,38.0969
1251,59.9110,48.8705
1253,10755.4675,9608.7832
1254,2160.2025,2144.0712
1257,7126.7187,5998.2869
1258,4316.6033,3793.6678
1259,1094.5185,946.6520
1260,990.0986,898.7318
1261,2977.3945,2728.4948
1262,6567.2892,5903.8107
1265,1661.1651,1510.2560
1266,2503.9893,2345.0360
1267,2925.1158,2740.3494
1268,1695.2052,1579.3127
1269,1352.7734,1243.4682
1270,555.0871,503.8271
1271,502.6381,457.5559
1272,1260.7749,1194.6991
1273,2751.4790,2607.2513
1274,3505.8228,3295.1157
1275,2680.0060,2435.6502
1277,2493.9715,2292.1573
1278,927.3392,863.2939
1279,187.6289,180.4998
1280,1480.2799,1361.2242
1281,1849.5477,1720.7425
1282,1400.4355,1304.5083
1283,847.3570,805.5873
1284,371.8778,357.0229
1285,2939.6111,2702.9087
1286,426.3098,404.0334
1287,861.6202,810.5350
1288,1254.0898,1158.5175
1289,1299.3700,1255.6536
1290,551.8588,536.2900
1291,912.6286,895.6120
1292,1160.9431,1107.7319
1293,366.1475,354.1622
1294,551.4897,529.9392
1295,1021.3408,971.2685
1296,1255.1801,1222.9564
1297,1137.9209,1098.4431
1298,863.1895,835.7807
1299,1508.1142,1492.1587
1300,665.4247,656.9242
1301,501.3857,458.2442
1302,197.8724,182.0710
1303,140.2625,135.0013
1304,193.9072,181.4622
1305,520.5838,496.8790
1306,937.4247,898.0967
1307,921.6723,894.8219
1308,332.2944,312.1388
1309,614.8385,578.2330
1310,864.9377,807.6231
1311,1339.4780,1215.7104
1312,1237.6464,1162.4686
1313,1583.8100,1466.9182
1314,797.3376,730.5358
1315,238.1320,222.3706
1316,675.6922,625.1680
1317,283.4782,265.8239
1318,281.0397,266.7194
1319,186.6506,177.4849
1320,328.3810,311.3366
1321,708.9700,670.4953
1322,523.4150,490.5171
1323,1083.6539,1028.8489
1324,682.6670,632.1432
1325,295.9982,270.9692
1326,725.0737,679.9154
1327,1449.7150,1364.4423
1328,423.4824,404.3869
1329,791.1089,761.5019
1330,1030.4471,979.7857
1331,866.9446,841.1915
1332,813.3869,792.6075
1333,1696.5621,1640.8094
1334,1764.7083,1734.0684
1335,45.0765,43.8981
1336,2266.2037,2240.5941
1337,1248.0582,1224.5081
1338,732.5526,702.9108
1339,986.6638,966.2992
1341,1941.1997,1855.6579
1342,1271.7428,1172.4092
1343,373.7611,354.9697
1344,959.8903,925.0244
1345,753.9591,744.0850
1346,624.2071,614.6610
1347,1016.7786,978.4417
1348,365.2318,356.2212
1349,687.7182,662.4460
1350,417.3379,396.9813
1351,489.0433,482.6962
1352,573.3230,567.7640
1353,294.9541,302.8990
1354,419.7243,430.5491
1355,763.0447,770.0265
1356,582.4830,598.8478
1357,792.5642,754.8237
1358,1438.8105,1371.3091
1359,637.1104,614.7524
1360,175.1928,174.1346
1361,561.4138,564.4704
1362,171.9490,173.5844
1363,210.9644,216.4749
1364,167.3580,172.5713
1365,292.7471,301.3289
1366,209.2431,214.5327
1367,544.7939,554.9340
1368,1328.8062,1379.2719
1369,950.8284,981.1063
1370,771.0263,782.0456
1371,339.3147,346.1571
1372,2732.0248,2865.1821
1373,323.7361,310.2625
1374,186.8500,177.8429
1375,1341.4616,1315.6670
1376,1552.0926,1562.6197
1377,935.8877,947.1498
1378,655.0080,652.8200
1379,689.0276,693.6938
1380,213.9673,214.7184
1381,212.8169,214.5325
1382,459.1618,468.4087
1383,1005.0882,1027.0727
1384,126.1412,128.2915
1385,340.5786,342.7316
1386,255.3887,256.5828
1387,716.1207,723.3070
1388,461.8702,467.5653
1389,1966.7042,2010.5652
1390,611.8069,579.8392
1391,512.3115,487.6571
1392,1224.4604,1191.3924
1393,531.7544,525.7769
1394,527.9303,525.6863
1395,261.6234,261.5675
1396,1687.3531,1638.6550
1397,304.6306,304.5521
1398,256.9071,260.0090
1400,698.2715,699.6404
1401,343.3401,345.8806
1402,380.5045,387.8458
1403,470.8742,474.0854
1404,297.3124,301.3289
1405,212.1253,213.6013
1406,874.3741,886.9710
1407,953.2534,971.9997
1408,679.1123,688.6184
1409,171.4916,173.5844
1410,476.1660,478.6865
1411,562.3369,534.4209
1412,682.6510,685.6482
1413,129.2043,127.8246
1414,421.6083,427.1094
1415,553.4037,558.7496
1416,297.6299,300.4009
1417,686.5914,686.5778
1418,1307.9048,1294.6945
1419,1033.4804,1035.1475
1420,213.7512,215.4598
1421,760.9567,768.6261
1422,1729.4713,1736.9381
1423,477.5140,475.8343
1424,645.2108,646.4691
1425,893.4865,902.5030
1426,1437.7510,1452.8773
1427,424.7937,427.2957
1428,168.6186,170.7130
1429,1250.5127,1269.7903
1430,1334.7046,1372.7507
1431,1037.2838,1053.2550
1432,1667.3525,1673.8377
1433,470.5300,469.2501
1434,792.1916,797.3003
1435,713.0832,711.2172
1436,852.0516,880.2463
1437,1047.2504,1082.7439
1438,932.9753,950.8484
1439,394.4102,409.8855
1440,719.6349,740.8902
1441,207.0757,207.0664
1442,621.6133,624.6484
1443,930.1925,939.8084
1444,819.3368,821.4371
1445,919.1499,916.3980
1446,1004.3181,997.2370
1447,641.4318,646.6563
1448,1037.6038,1063.7959
1449,720.0709,721.3362
1450,611.1318,634.0494
1451,251.9766,253.2049
1452,385.4525,381.4094
1453,576.3171,552.0315
1454,597.8275,597.9156
1455,385.5784,386.7338
1456,1015.0919,995.6708
1457,663.3829,649.3308
1458,1573.6915,1526.4154
1459,1230.8205,1217.0156
1460,691.9654,693.9684
1461,1199.4586,1208.9134
1462,1054.3322,1071.4535
1463,762.0341,764.5072
1464,1736.6000,1739.8918
1465,510.9109,512.6984
1466,522.4113,509.0470
1467,89.0120,84.9352
1468,734.8973,723.7760
1469,219.1312,211.9151
1470,265.0343,254.0533
1471,547.9839,548.4523
1472,979.3250,1007.3243
1473,165.1314,168.1726
1474,293.4882,294.4912
1475,373.2757,379.8071
1476,718.1667,709.8838
1477,378.7197,378.0087
1478,254.4945,252.8266
1479,602.3592,591.6285
1480,168.0250,170.2454
1481,83.7867,84.9352
1482,1360.4109,1411.9249
1483,1251.7577,1317.9169
1484,1197.5114,1300.2411
1485,1599.0726,1708.7752
1486,537.2386,573.1605
1487,468.7814,494.4744
1488,666.7023,699.1270
1489,1898.8102,1935.7305
1490,1222.1971,1242.0995
1491,609.9904,622.2509
1492,290.9925,290.6795
1493,246.2797,247.9603
1494,710.1343,705.6756
1495,242.2834,246.8994
1496,242.1021,247.3821
1497,1571.2496,1634.4895
1498,1523.8822,1592.9157
1499,2576.7824,2645.2879
1500,1189.9944,1259.8447
1502,536.6491,652.9840
1503,243.5740,297.0527
1505,477.6546,521.6924
1506,216.9415,263.3881
1507,122.9306,151.6697
1508,703.8129,720.5854
1509,61.1638,72.1321
1510,612.3051,727.8089
1511,1963.9437,2341.5604
1512,162.7486,167.7917
1513,1349.8914,1249.3368
1514,155.8438,139.2304
